{
"request" : {
"urlPath" : "/v1/customerWorkbench/wealthDashboard/financialReadinessLevel",
"method" : "GET",
"queryParameters" : {
"sequenceNumber" : {
"matches" : "^[0-9]{10}$"
}
}

},
"response" : {
"status" : 200,
"body" : "{\"contentList\":[{\"percentageCompleted\": 25,\"sequenceNumber\": \"{{request.query.sequenceNumber}}\",\"currentLevelName\": \"Bronze\",\"nextLevelChallengesCount\": 4,\"nextLevelName\": \"silver\",\"nextChallengeId\": \"{{randomValue length=5 type='NUMERIC'}}\",\"nextChallengeUniqueReferenceId\": \"Complete Your Risk Profile Challenge\",\"nextChallengeName\": \"complete your risk profile\",\"numberOfLevels\": 5,\"percentageOfLevels\": \"0,25,50,75,100\"}]}",
"transformers": ["response-template"]
}
}
