{
  "request" : {
    "urlPath" : "/v1/customerWorkbench/wealthDashboard/newsAndInsights/retrieve",
    "method" : "POST",
		"headers": {
		"Authorization":{
			"absent" : true
		},
		"uuid":{
			"matches" : ".*"
		},
		"Accept":{
			"matches" : "application/json"
		},
		"client_id":{
			"matches" : ".*"
		},
		"Content-Type":{
			"contains" : "application/json"
		}
	},
"bodyPatterns" : [ {
      "matchesJsonPath" : {
         "expression": "$.userContext",
         "matches": "^[A-Za-z0-9]{5,11}$"
      },
	"matchesJsonPath" : {
         "expression": "$.uniqueReferenceId",
         "matches": "^[A-Za-z0-9]{23,88}$"
      }
    } ]
    
	},
  "response" : {
    "status" : 401,
	"body" : "{\"type\":\"error\",\"code\":\"unAuthorized\",\"details\":\"Authorization credentials are missing or invalid\",\"location\":\"string\",\"moreInfo\":{}}",
	"headers": {
            "Content-Type": "application/json"
        },
	"transformers": ["response-template"]
  }
}