<?xml version="1.0" encoding="utf-8"?>
<resources>
	<string name="customerNumber">22410</string>
	<string name="assessmentTypeCode">INV</string>
	<string name="assessmentTypeDescription">INVESTMENT</string>
	<string name="assessmentTypeCode2">INS</string>
	<string name="assessmentTypeDescription2">INSURANCE</string>
	<string name="contentTypeDetails">Content type 'application/xml;charset=ISO-8859-1' not supported</string>
	<string name="ChannelIDLocation">Channel ID</string>
	<string name="Details">The request operation is not configured to access this resource</string>
	<string name="countryCodeLocation">Country Code</string>
	<string name="businessCodeLocation">Business Code</string>
	<string name="ChannelIDDetail">The request operation is not configured to access this resource</string>
	<string name="countryCodeDetails">The request operation is not configured to access this resource</string>
	<string name="channelIDDetails">|request header channelId is missing</string>
	<string name="SkipcountryCodeDetails">insertLogFlag from TWA DB failed.</string>
	<string name="invalidCountryDetails">Query getVCinfo from TWA DB failed.</string>
	<string name="i-cifDetails">|request header i-cif is missing</string>
    <string name="vcResultLongDescription">SCA Error</string>
    <string name="vcResultShortDescription">SCA Error</string>

</resources>