{
  "swagger": "2.0",
  "info": {
    "description": "<h2>Microservice Name: CustomerWorkbench_WealthDashboard_Digital_Presentation</br>PCF Deployment Reference: DPM-V-CustomerWorkbench-WDAS-DGL-EA</h2>",
    "version": "1.9.0",
    "x-ibm-name": "CustomerWorkbench_WealthDashboard_Digital_Presentation",
    "title": "CustomerWorkbench_WealthDashboard_Digital_Presentation"
  },
  "host": "127.0.0.1",
  "schemes": [
    "https"
  ],
  "basePath": "/api",
  "produces": [
    "application/json"
  ],
  "paths": {
    "/v1/customerWorkbench/wealthDashboard/newsAndInsights/retrieve": {
      "post": {
        "summary": "This API is used to get the content from InvestCloud Partner based on context passed in request.",
        "description": "This API is used to get the content from InvestCloud Partner based on context passed in request",
        "operationId": "RetrieveCustomerWorkbenchOperatingSessionWealthDashboardNewsAndInsights",
        "tags": [
          "DigitalPlatformAndOptimization"
        ],
        "parameters": [
          {
            "name": "Authorization",
            "in": "header",
            "description": "The most recent Authorization token. This will have the format Bearer + {space} + {accessToken}. Example: Bearer KGNsaWVudF9pZDpjbGllbnRfc2VjcmV0KQ==.",
            "type": "string",
            "required": true
          },
          {
            "name": "uuid",
            "in": "header",
            "description": "128 bit random UUID generated uniquely for every request.",
            "type": "string",
            "required": true
          },
          {
            "name": "Accept",
            "in": "header",
            "description": "Content-Type that are acceptable for the response.",
            "type": "string",
            "required": true
          },
          {
            "name": "client_id",
            "in": "header",
            "description": "Client ID generated during application registration.",
            "required": true,
            "type": "string"
          },
          {
            "name": "Content-Type",
            "in": "header",
            "description": "application/json",
            "required": true,
            "type": "string"
          },
          {
            "name": "clientDetails",
            "in": "header",
            "description": "This field is used to capture device,browser and network information. Refer the developer portal for more information.These are the fields which will be passed as part of the header devicePrint,deviceTokenCookie,userIpAddress,userAgent,hardwareId,simId,deviceModel,deviceName,deviceOsName,deviceOsVersion,multitaskingSupportFlag,languageSupport,wifiMacAddress,cellTowerId,locationAreaCode,rsaApplicationKey,wapClientId,mobileCarrierCode,mobileCountryCode,osId,geoLongitude,geoLatitude,geoHorizontalAccuracy,geoAltitude,geoAltitudeAccuracy,geoSpeed,geoTimestamp,geoStatus,basicServiceSetId,signalStrength,wifiChannel,serviceSetId",
            "type": "string",
            "required": false
          },
          {
            "name": "RetrieveCustomerWorkbenchOperatingSessionWealthDashboardNewsAndInsightsRequest",
            "in": "body",
            "description": "This API is used to get the content from InvestCloud Partner based on context passed in request.",
            "required": true,
            "schema": {
              "$ref": "#/definitions/RetrieveCustomerWorkbenchOperatingSessionWealthDashboardNewsAndInsightsRequest"
            }
          }
        ],
        "responses": {
          "200": {
            "description": "Successful operation.",
            "schema": {
              "$ref": "#/definitions/RetrieveCustomerWorkbenchOperatingSessionWealthDashboardNewsAndInsightsResponse"
            }
          },
          "400": {
            "description": "<table><tr><td>Type</td><td>Code</td><td>Details</td></tr><tr><td>invalid</td><td>invalidRequest</td><td>Missing or invalid Parameters</td></tr></table>",
            "schema": {
              "$ref": "#/definitions/ErrorResponse"
            }
          },
          "401": {
            "description": "<table><tr><td>Type</td><td>Code</td><td>Details</td></tr><tr><td>error</td><td>unAuthorized</td><td>Authorization credentials are missing or invalid</td></tr></table>",
            "schema": {
              "$ref": "#/definitions/ErrorResponse"
            }
          },
          "403": {
            "description": "<table><tr><td>Type</td><td>Code</td><td>Details</td></tr><tr><td>error</td><td>accessNotConfigured</td><td>The request operation is not configured to access this resource</td></tr></table>",
            "schema": {
              "$ref": "#/definitions/ErrorResponse"
            }
          },
          "404": {
            "description": "<table><tr><td>Type</td><td>Code</td><td>Details</td></tr><tr><td>error</td><td>resourceNotFound</td><td>Empty resource/resource not found</td></tr></table>",
            "schema": {
              "$ref": "#/definitions/ErrorResponse"
            }
          },
          "422": {
            "description": "<table><tr><td>Type</td><td>Code</td><td>Details</td></tr><tr><td>error</td><td>businessValidationsFailed</td><td>Business validations failed</td></tr></table>",
            "schema": {
              "$ref": "#/definitions/ErrorResponse"
            }
          },
          "500": {
            "description": "<table><tr><td>Type</td><td>Code</td><td>Details</td></tr><tr><td>fatal</td><td>serverUnavailable</td><td>The request failed due to an internal error</td></tr></table>",
            "schema": {
              "$ref": "#/definitions/ErrorResponse"
            }
          }
        }
      }
    },
    "/v1/customerWorkbench/wealthDashboard/favouriteStatus": {
      "put": {
        "summary": "This API is used to update the favourite status of content in InvestCloud Partner.",
        "description": "This API is used to update the favourite status of content in InvestCloud Partner.",
        "operationId": "UpdateCustomerWorkbenchOperatingSessionWealthDashboardFavouriteStatus",
        "tags": [
          "DigitalPlatformAndOptimization"
        ],
        "parameters": [
          {
            "name": "Authorization",
            "in": "header",
            "description": "The most recent Authorization token. This will have the format Bearer + {space} + {accessToken}. Example: Bearer KGNsaWVudF9pZDpjbGllbnRfc2VjcmV0KQ==.",
            "type": "string",
            "required": true
          },
          {
            "name": "uuid",
            "in": "header",
            "description": "128 bit random UUID generated uniquely for every request.",
            "type": "string",
            "required": true
          },
          {
            "name": "Accept",
            "in": "header",
            "description": "Content-Type that are acceptable for the response.",
            "type": "string",
            "required": true
          },
          {
            "name": "client_id",
            "in": "header",
            "description": "Client ID generated during application registration.",
            "required": true,
            "type": "string"
          },
          {
            "name": "Content-Type",
            "in": "header",
            "description": "application/json",
            "required": true,
            "type": "string"
          },
          {
            "name": "clientDetails",
            "in": "header",
            "description": "This field is used to capture device,browser and network information. Refer the developer portal for more information.These are the fields which will be passed as part of the header devicePrint,deviceTokenCookie,userIpAddress,userAgent,hardwareId,simId,deviceModel,deviceName,deviceOsName,deviceOsVersion,multitaskingSupportFlag,languageSupport,wifiMacAddress,cellTowerId,locationAreaCode,rsaApplicationKey,wapClientId,mobileCarrierCode,mobileCountryCode,osId,geoLongitude,geoLatitude,geoHorizontalAccuracy,geoAltitude,geoAltitudeAccuracy,geoSpeed,geoTimestamp,geoStatus,basicServiceSetId,signalStrength,wifiChannel,serviceSetId",
            "type": "string",
            "required": false
          },
          {
            "name": "UpdateCustomerWorkbenchOperatingSessionWealthDashboardFavouriteStatusRequest",
            "in": "body",
            "description": "UpdateCustomerWorkbenchOperatingSessionWealthDashboardFavouriteStatusRequest",
            "required": true,
            "schema": {
              "$ref": "#/definitions/UpdateCustomerWorkbenchOperatingSessionWealthDashboardFavouriteStatusRequest"
            }
          }
        ],
        "responses": {
          "200": {
            "description": "Successful operation."
          },
          "400": {
            "description": "<table><tr><td>Type</td><td>Code</td><td>Details</td></tr><tr><td>invalid</td><td>invalidRequest</td><td>Missing or invalid Parameters</td></tr></table>",
            "schema": {
              "$ref": "#/definitions/ErrorResponse"
            }
          },
          "401": {
            "description": "<table><tr><td>Type</td><td>Code</td><td>Details</td></tr><tr><td>error</td><td>unAuthorized</td><td>Authorization credentials are missing or invalid</td></tr></table>",
            "schema": {
              "$ref": "#/definitions/ErrorResponse"
            }
          },
          "403": {
            "description": "<table><tr><td>Type</td><td>Code</td><td>Details</td></tr><tr><td>error</td><td>accessNotConfigured</td><td>The request operation is not configured to access this resource</td></tr></table>",
            "schema": {
              "$ref": "#/definitions/ErrorResponse"
            }
          },
          "404": {
            "description": "<table><tr><td>Type</td><td>Code</td><td>Details</td></tr><tr><td>error</td><td>resourceNotFound</td><td>Empty resource/resource not found</td></tr></table>",
            "schema": {
              "$ref": "#/definitions/ErrorResponse"
            }
          },
          "422": {
            "description": "<table><tr><td>Type</td><td>Code</td><td>Details</td></tr><tr><td>error</td><td>businessValidationsFailed</td><td>Business validations failed</td></tr></table>",
            "schema": {
              "$ref": "#/definitions/ErrorResponse"
            }
          },
          "500": {
            "description": "<table><tr><td>Type</td><td>Code</td><td>Details</td></tr><tr><td>fatal</td><td>serverUnavailable</td><td>The request failed due to an internal error</td></tr></table>",
            "schema": {
              "$ref": "#/definitions/ErrorResponse"
            }
          }
        }
      }
    },
    "/v1/customerWorkbench/wealthDashboard/financialReadinessLevel": {
      "get": {
        "summary": "This API is used to retrieve the customer’s financial readiness level and related information from InvestCloud.",
        "description": "This API is used to retrieve the customer’s financial readiness level and related information from InvestCloud.",
        "operationId": "RetrieveCustomerWorkbenchOperatingSessionWealthDashboardFinancialReadinessLevel",
        "tags": [
          "DigitalPlatformAndOptimization"
        ],
        "parameters": [
          {
            "name": "Authorization",
            "in": "header",
            "description": "The most recent Authorization token. This will have the format Bearer + {space} + {accessToken}. Example: Bearer KGNsaWVudF9pZDpjbGllbnRfc2VjcmV0KQ==.",
            "type": "string",
            "required": true
          },
          {
            "name": "uuid",
            "in": "header",
            "description": "128 bit random UUID generated uniquely for every request.",
            "type": "string",
            "required": true
          },
          {
            "name": "Accept",
            "in": "header",
            "description": "Content-Type that are acceptable for the response.",
            "type": "string",
            "required": true
          },
          {
            "name": "client_id",
            "in": "header",
            "description": "Client ID generated during application registration.",
            "required": true,
            "type": "string"
          },
          {
            "name": "Content-Type",
            "in": "header",
            "description": "application/json",
            "required": false,
            "type": "string"
          },
          {
            "name": "clientDetails",
            "in": "header",
            "description": "This field is used to capture device,browser and network information. Refer the developer portal for more information.These are the fields which will be passed as part of the header devicePrint,deviceTokenCookie,userIpAddress,userAgent,hardwareId,simId,deviceModel,deviceName,deviceOsName,deviceOsVersion,multitaskingSupportFlag,languageSupport,wifiMacAddress,cellTowerId,locationAreaCode,rsaApplicationKey,wapClientId,mobileCarrierCode,mobileCountryCode,osId,geoLongitude,geoLatitude,geoHorizontalAccuracy,geoAltitude,geoAltitudeAccuracy,geoSpeed,geoTimestamp,geoStatus,basicServiceSetId,signalStrength,wifiChannel,serviceSetId",
            "type": "string",
            "required": false
          }
        ],
        "responses": {
          "200": {
            "description": "Successful operation.",
            "schema": {
              "$ref": "#/definitions/RetrieveCustomerWorkbenchOperatingSessionWealthDashboardFinancialReadinessLevelResponse"
            }
          },
          "400": {
            "description": "<table><tr><td>Type</td><td>Code</td><td>Details</td></tr><tr><td>invalid</td><td>invalidRequest</td><td>Missing or invalid Parameters</td></tr></table>",
            "schema": {
              "$ref": "#/definitions/ErrorResponse"
            }
          },
          "401": {
            "description": "<table><tr><td>Type</td><td>Code</td><td>Details</td></tr><tr><td>error</td><td>unAuthorized</td><td>Authorization credentials are missing or invalid</td></tr></table>",
            "schema": {
              "$ref": "#/definitions/ErrorResponse"
            }
          },
          "403": {
            "description": "<table><tr><td>Type</td><td>Code</td><td>Details</td></tr><tr><td>error</td><td>accessNotConfigured</td><td>The request operation is not configured to access this resource</td></tr></table>",
            "schema": {
              "$ref": "#/definitions/ErrorResponse"
            }
          },
          "404": {
            "description": "<table><tr><td>Type</td><td>Code</td><td>Details</td></tr><tr><td>error</td><td>resourceNotFound</td><td>Empty resource/resource not found</td></tr></table>",
            "schema": {
              "$ref": "#/definitions/ErrorResponse"
            }
          },
          "422": {
            "description": "<table><tr><td>Type</td><td>Code</td><td>Details</td></tr><tr><td>error</td><td>businessValidationsFailed</td><td>Business validations failed</td></tr></table>",
            "schema": {
              "$ref": "#/definitions/ErrorResponse"
            }
          },
          "500": {
            "description": "<table><tr><td>Type</td><td>Code</td><td>Details</td></tr><tr><td>fatal</td><td>serverUnavailable</td><td>The request failed due to an internal error</td></tr></table>",
            "schema": {
              "$ref": "#/definitions/ErrorResponse"
            }
          }
        }
      }
    },
    "/v1/customerWorkbench/wealthDashboard/actionChallenges": {
      "put": {
        "summary": "This API is used to perform given challenge completion status for a user from InvestCloud.",
        "description": "This API is used to perform given challenge completion status for a user from InvestCloud.",
        "operationId": "UpdateCustomerWorkbenchOperatingSessionWealthDashboardActionChallenges",
        "tags": [
          "DigitalPlatformAndOptimization"
        ],
        "parameters": [
          {
            "name": "Authorization",
            "in": "header",
            "description": "The most recent Authorization token. This will have the format Bearer + {space} + {accessToken}. Example: Bearer KGNsaWVudF9pZDpjbGllbnRfc2VjcmV0KQ==.",
            "type": "string",
            "required": true
          },
          {
            "name": "uuid",
            "in": "header",
            "description": "128 bit random UUID generated uniquely for every request.",
            "type": "string",
            "required": true
          },
          {
            "name": "Accept",
            "in": "header",
            "description": "Content-Type that are acceptable for the response.",
            "type": "string",
            "required": true
          },
          {
            "name": "client_id",
            "in": "header",
            "description": "Client ID generated during application registration.",
            "required": true,
            "type": "string"
          },
          {
            "name": "Content-Type",
            "in": "header",
            "description": "application/json",
            "required": true,
            "type": "string"
          },
          {
            "name": "clientDetails",
            "in": "header",
            "description": "This field is used to capture device,browser and network information. Refer the developer portal for more information.These are the fields which will be passed as part of the header devicePrint,deviceTokenCookie,userIpAddress,userAgent,hardwareId,simId,deviceModel,deviceName,deviceOsName,deviceOsVersion,multitaskingSupportFlag,languageSupport,wifiMacAddress,cellTowerId,locationAreaCode,rsaApplicationKey,wapClientId,mobileCarrierCode,mobileCountryCode,osId,geoLongitude,geoLatitude,geoHorizontalAccuracy,geoAltitude,geoAltitudeAccuracy,geoSpeed,geoTimestamp,geoStatus,basicServiceSetId,signalStrength,wifiChannel,serviceSetId",
            "type": "string",
            "required": false
          },
          {
            "name": "UpdateCustomerWorkbenchOperatingSessionWealthDashboardActionChallenges",
            "in": "body",
            "description": "UpdateCustomerWorkbenchOperatingSessionWealthDashboardActionChallenges",
            "required": true,
            "schema": {
              "$ref": "#/definitions/UpdateCustomerWorkbenchOperatingSessionWealthDashboardActionChallengesRequest"
            }
          }
        ],
        "responses": {
          "200": {
            "description": "Successful operation."
          },
          "400": {
            "description": "<table><tr><td>Type</td><td>Code</td><td>Details</td></tr><tr><td>invalid</td><td>invalidRequest</td><td>Missing or invalid Parameters</td></tr></table>",
            "schema": {
              "$ref": "#/definitions/ErrorResponse"
            }
          },
          "401": {
            "description": "<table><tr><td>Type</td><td>Code</td><td>Details</td></tr><tr><td>error</td><td>unAuthorized</td><td>Authorization credentials are missing or invalid</td></tr></table>",
            "schema": {
              "$ref": "#/definitions/ErrorResponse"
            }
          },
          "403": {
            "description": "<table><tr><td>Type</td><td>Code</td><td>Details</td></tr><tr><td>error</td><td>accessNotConfigured</td><td>The request operation is not configured to access this resource</td></tr></table>",
            "schema": {
              "$ref": "#/definitions/ErrorResponse"
            }
          },
          "404": {
            "description": "<table><tr><td>Type</td><td>Code</td><td>Details</td></tr><tr><td>error</td><td>resourceNotFound</td><td>Empty resource/resource not found</td></tr></table>",
            "schema": {
              "$ref": "#/definitions/ErrorResponse"
            }
          },
          "422": {
            "description": "<table><tr><td>Type</td><td>Code</td><td>Details</td></tr><tr><td>error</td><td>businessValidationsFailed</td><td>Business validations failed</td></tr></table>",
            "schema": {
              "$ref": "#/definitions/ErrorResponse"
            }
          },
          "500": {
            "description": "<table><tr><td>Type</td><td>Code</td><td>Details</td></tr><tr><td>fatal</td><td>serverUnavailable</td><td>The request failed due to an internal error</td></tr></table>",
            "schema": {
              "$ref": "#/definitions/ErrorResponse"
            }
          }
        }
      }
    },
    "/v1/customerWorkbench/wealthDashboard/lifeTargets": {
      "get": {
        "summary": "API to retrieve the details of customer created Life targets in IC.",
        "description": "API to retrieve the details of customer created Life targets in IC.",
        "operationId": "RetrieveCustomerWorkbenchOperatingSessionWealthDashboardLifeTarget",
        "tags": [
          "DigitalPlatformAndOptimization"
        ],
        "parameters": [
          {
            "name": "Authorization",
            "in": "header",
            "description": "The most recent Authorization token. This will have the format Bearer + {space} + {accessToken}. Example: Bearer KGNsaWVudF9pZDpjbGllbnRfc2VjcmV0KQ==.",
            "type": "string",
            "required": true
          },
          {
            "name": "uuid",
            "in": "header",
            "description": "128 bit random UUID generated uniquely for every request.",
            "type": "string",
            "required": true
          },
          {
            "name": "Accept",
            "in": "header",
            "description": "Content-Type that are acceptable for the response.",
            "type": "string",
            "required": true
          },
          {
            "name": "client_id",
            "in": "header",
            "description": "Client ID generated during application registration.",
            "required": true,
            "type": "string"
          },
          {
            "name": "Content-Type",
            "in": "header",
            "description": "application/json",
            "required": true,
            "type": "string"
          },
          {
            "name": "clientDetails",
            "in": "header",
            "description": "This field is used to capture device,browser and network information. Refer the developer portal for more information.These are the fields which will be passed as part of the header devicePrint,deviceTokenCookie,userIpAddress,userAgent,hardwareId,simId,deviceModel,deviceName,deviceOsName,deviceOsVersion,multitaskingSupportFlag,languageSupport,wifiMacAddress,cellTowerId,locationAreaCode,rsaApplicationKey,wapClientId,mobileCarrierCode,mobileCountryCode,osId,geoLongitude,geoLatitude,geoHorizontalAccuracy,geoAltitude,geoAltitudeAccuracy,geoSpeed,geoTimestamp,geoStatus,basicServiceSetId,signalStrength,wifiChannel,serviceSetId",
            "type": "string",
            "required": false
          }
        ],
        "responses": {
          "200": {
            "description": "Successful operation.",
            "schema": {
              "$ref": "#/definitions/RetrieveCustomerWorkbenchOperatingSessionWealthDashboardLifeTargetResponse"
            }
          },
          "400": {
            "description": "<table><tr><td>Type</td><td>Code</td><td>Details</td></tr><tr><td>invalid</td><td>invalidRequest</td><td>Missing or invalid Parameters</td></tr></table>",
            "schema": {
              "$ref": "#/definitions/ErrorResponse"
            }
          },
          "401": {
            "description": "<table><tr><td>Type</td><td>Code</td><td>Details</td></tr><tr><td>error</td><td>unAuthorized</td><td>Authorization credentials are missing or invalid</td></tr></table>",
            "schema": {
              "$ref": "#/definitions/ErrorResponse"
            }
          },
          "403": {
            "description": "<table><tr><td>Type</td><td>Code</td><td>Details</td></tr><tr><td>error</td><td>accessNotConfigured</td><td>The request operation is not configured to access this resource</td></tr></table>",
            "schema": {
              "$ref": "#/definitions/ErrorResponse"
            }
          },
          "404": {
            "description": "<table><tr><td>Type</td><td>Code</td><td>Details</td></tr><tr><td>error</td><td>resourceNotFound</td><td>Empty resource/resource not found</td></tr></table>",
            "schema": {
              "$ref": "#/definitions/ErrorResponse"
            }
          },
          "422": {
            "description": "<table><tr><td>Type</td><td>Code</td><td>Details</td></tr><tr><td>error</td><td>businessValidationsFailed</td><td>Business validations failed</td></tr></table>",
            "schema": {
              "$ref": "#/definitions/ErrorResponse"
            }
          },
          "500": {
            "description": "<table><tr><td>Type</td><td>Code</td><td>Details</td></tr><tr><td>fatal</td><td>serverUnavailable</td><td>The request failed due to an internal error</td></tr></table>",
            "schema": {
              "$ref": "#/definitions/ErrorResponse"
            }
          }
        }
      },
      "post": {
        "summary": "API invoked by channel to create the new Life Targets in IC end.",
        "description": "API invoked by channel to create the new Life Targets in IC end.",
        "operationId": "CreateCustomerWorkbenchOperatingSessionWealthDashboardLifeTarget",
        "tags": [
          "DigitalPlatformAndOptimization"
        ],
        "parameters": [
          {
            "name": "Authorization",
            "in": "header",
            "description": "The most recent Authorization token. This will have the format Bearer + {space} + {accessToken}. Example: Bearer KGNsaWVudF9pZDpjbGllbnRfc2VjcmV0KQ==.",
            "type": "string",
            "required": true
          },
          {
            "name": "uuid",
            "in": "header",
            "description": "128 bit random UUID generated uniquely for every request.",
            "type": "string",
            "required": true
          },
          {
            "name": "Accept",
            "in": "header",
            "description": "Content-Type that are acceptable for the response.",
            "type": "string",
            "required": true
          },
          {
            "name": "client_id",
            "in": "header",
            "description": "Client ID generated during application registration.",
            "required": true,
            "type": "string"
          },
          {
            "name": "Content-Type",
            "in": "header",
            "description": "application/json",
            "required": true,
            "type": "string"
          },
          {
            "name": "clientDetails",
            "in": "header",
            "description": "This field is used to capture device,browser and network information. Refer the developer portal for more information.These are the fields which will be passed as part of the header devicePrint,deviceTokenCookie,userIpAddress,userAgent,hardwareId,simId,deviceModel,deviceName,deviceOsName,deviceOsVersion,multitaskingSupportFlag,languageSupport,wifiMacAddress,cellTowerId,locationAreaCode,rsaApplicationKey,wapClientId,mobileCarrierCode,mobileCountryCode,osId,geoLongitude,geoLatitude,geoHorizontalAccuracy,geoAltitude,geoAltitudeAccuracy,geoSpeed,geoTimestamp,geoStatus,basicServiceSetId,signalStrength,wifiChannel,serviceSetId",
            "type": "string",
            "required": false
          },
          {
            "name": "CreateCustomerWorkbenchOperatingSessionWealthDashboardLifeTarget",
            "in": "body",
            "description": "API invoked by channel to create the new Life Targets in IC end.",
            "required": true,
            "schema": {
              "$ref": "#/definitions/CreateCustomerWorkbenchOperatingSessionWealthDashboardLifeTargetRequest"
            }
          }
        ],
        "responses": {
          "200": {
            "description": "Successful operation.",
            "schema": {
              "$ref": "#/definitions/CreateCustomerWorkbenchOperatingSessionWealthDashboardLifeTargetResponse"
            }
          },
          "400": {
            "description": "<table><tr><td>Type</td><td>Code</td><td>Details</td></tr><tr><td>invalid</td><td>invalidRequest</td><td>Missing or invalid Parameters</td></tr></table>",
            "schema": {
              "$ref": "#/definitions/ErrorResponse"
            }
          },
          "401": {
            "description": "<table><tr><td>Type</td><td>Code</td><td>Details</td></tr><tr><td>error</td><td>unAuthorized</td><td>Authorization credentials are missing or invalid</td></tr></table>",
            "schema": {
              "$ref": "#/definitions/ErrorResponse"
            }
          },
          "403": {
            "description": "<table><tr><td>Type</td><td>Code</td><td>Details</td></tr><tr><td>error</td><td>accessNotConfigured</td><td>The request operation is not configured to access this resource</td></tr></table>",
            "schema": {
              "$ref": "#/definitions/ErrorResponse"
            }
          },
          "404": {
            "description": "<table><tr><td>Type</td><td>Code</td><td>Details</td></tr><tr><td>error</td><td>resourceNotFound</td><td>Empty resource/resource not found</td></tr></table>",
            "schema": {
              "$ref": "#/definitions/ErrorResponse"
            }
          },
          "422": {
            "description": "<table><tr><td>Type</td><td>Code</td><td>Details</td></tr><tr><td>error</td><td>businessValidationsFailed</td><td>Business validations failed</td></tr></table>",
            "schema": {
              "$ref": "#/definitions/ErrorResponse"
            }
          },
          "500": {
            "description": "<table><tr><td>Type</td><td>Code</td><td>Details</td></tr><tr><td>fatal</td><td>serverUnavailable</td><td>The request failed due to an internal error</td></tr></table>",
            "schema": {
              "$ref": "#/definitions/ErrorResponse"
            }
          }
        }
      }
    },
    "/v1/customerWorkbench/wealthDashboard/lifeTargets/notifications": {
      "get": {
        "summary": "This API is used to get the Notifications  from IC generated across the customer’s life targets based on the latest target funding status",
        "description": "This API is used to get the Notifications  from IC generated across the customer’s life targets based on the latest target funding status",
        "operationId": "RetrieveRetrieveCustomerWorkbenchOperatingSessionWealthDashboardLifeTargetNotification",
        "tags": [
          "DigitalPlatformAndOptimization"
        ],
        "parameters": [
          {
            "name": "Authorization",
            "in": "header",
            "description": "The most recent Authorization token. This will have the format Bearer + {space} + {accessToken}. Example: Bearer KGNsaWVudF9pZDpjbGllbnRfc2VjcmV0KQ==.",
            "type": "string",
            "required": true
          },
          {
            "name": "uuid",
            "in": "header",
            "description": "128 bit random UUID generated uniquely for every request.",
            "type": "string",
            "required": true
          },
          {
            "name": "Accept",
            "in": "header",
            "description": "Content-Type that are acceptable for the response.",
            "type": "string",
            "required": true
          },
          {
            "name": "client_id",
            "in": "header",
            "description": "Client ID generated during application registration.",
            "required": true,
            "type": "string"
          },
          {
            "name": "Content-Type",
            "in": "header",
            "description": "application/json",
            "required": false,
            "type": "string"
          },
          {
            "name": "clientDetails",
            "in": "header",
            "description": "This field is used to capture device,browser and network information. Refer the developer portal for more information.These are the fields which will be passed as part of the header devicePrint,deviceTokenCookie,userIpAddress,userAgent,hardwareId,simId,deviceModel,deviceName,deviceOsName,deviceOsVersion,multitaskingSupportFlag,languageSupport,wifiMacAddress,cellTowerId,locationAreaCode,rsaApplicationKey,wapClientId,mobileCarrierCode,mobileCountryCode,osId,geoLongitude,geoLatitude,geoHorizontalAccuracy,geoAltitude,geoAltitudeAccuracy,geoSpeed,geoTimestamp,geoStatus,basicServiceSetId,signalStrength,wifiChannel,serviceSetId",
            "type": "string",
            "required": false
          }
        ],
        "responses": {
          "200": {
            "description": "Successful operation.",
            "schema": {
              "$ref": "#/definitions/RetrieveCustomerWorkbenchOperatingSessionWealthDashboardLifeTargetNotificationResponse"
            }
          },
          "400": {
            "description": "<table><tr><td>Type</td><td>Code</td><td>Details</td></tr><tr><td>invalid</td><td>invalidRequest</td><td>Missing or invalid Parameters</td></tr></table>",
            "schema": {
              "$ref": "#/definitions/ErrorResponse"
            }
          },
          "401": {
            "description": "<table><tr><td>Type</td><td>Code</td><td>Details</td></tr><tr><td>error</td><td>unAuthorized</td><td>Authorization credentials are missing or invalid</td></tr></table>",
            "schema": {
              "$ref": "#/definitions/ErrorResponse"
            }
          },
          "403": {
            "description": "<table><tr><td>Type</td><td>Code</td><td>Details</td></tr><tr><td>error</td><td>accessNotConfigured</td><td>The request operation is not configured to access this resource</td></tr></table>",
            "schema": {
              "$ref": "#/definitions/ErrorResponse"
            }
          },
          "404": {
            "description": "<table><tr><td>Type</td><td>Code</td><td>Details</td></tr><tr><td>error</td><td>resourceNotFound</td><td>Empty resource/resource not found</td></tr></table>",
            "schema": {
              "$ref": "#/definitions/ErrorResponse"
            }
          },
          "422": {
            "description": "<table><tr><td>Type</td><td>Code</td><td>Details</td></tr><tr><td>invalid</td><td>invalidRequest</td><td>Missing or invalid parameters</td></tr></table>",
            "schema": {
              "$ref": "#/definitions/ErrorResponse"
            }
          },
          "500": {
            "description": "<table><tr><td>Type</td><td>Code</td><td>Details</td></tr><tr><td>fatal</td><td>serverUnavailable</td><td>The request failed due to an internal error</td></tr></table>",
            "schema": {
              "$ref": "#/definitions/ErrorResponse"
            }
          }
        }
      }
    }
  },
  "definitions": {
    "RetrieveCustomerWorkbenchOperatingSessionWealthDashboardLifeTargetNotificationResponse": {
      "properties": {
        "targetId": {
          "description": "Identifier for the life target that this notification is applicable to",
          "type": "integer",
          "format": "int32",
          "example": 123456
        },
        "notificationId": {
          "description": "Identifier for this notification.",
          "type": "integer",
          "format": "int32",
          "example": 34567
        },
        "notificationType": {
          "description": "Type of this notification like \"COMPLETE\", \"BEHIND\", \"MILESTONE25\", \"MILESTONE50\", \"MILESTONE75\"",
          "type": "string",
          "example": "COMPLETE"
        },
        "notificationTitle": {
          "description": "This field provides the title text of this notification.",
          "type": "string",
          "example": "TARGET FUNDED"
        },
        "notificationMessage": {
          "description": "Content text of this notification",
          "type": "string",
          "example": "Congratulations! You have a fully funded life target"
        }
      }
    },
    "CreateCustomerWorkbenchOperatingSessionWealthDashboardLifeTargetRequest": {
      "properties": {
        "targetType": {
          "description": "The type of the Life Target. A specific target type will be mapped to a specific Citi Buy Journey. E.g. \"MajorPurchase\"",
          "type": "string",
          "example": "Buy a car"
        },
        "targetAmount": {
          "description": "Target amount for this life target.",
          "type": "number",
          "format": "double",
          "example": 500000
        },
        "purchaseAmount": {
          "description": "The initial investment amount for Life target creation.",
          "type": "number",
          "format": "double",
          "example": 50000
        },
        "monthlyContributionAmount": {
          "description": "Indicates the monthly contribution for this new target.",
          "type": "number",
          "format": "double",
          "example": 1000
        }
      },
      "required": [
        "targetType"
      ]
    },
    "CreateCustomerWorkbenchOperatingSessionWealthDashboardLifeTargetResponse": {
      "properties": {
        "targetId": {
          "description": "unique identifier of life target.",
          "type": "string",
          "example": 55768
        }
      }
    },
    "RetrieveCustomerWorkbenchOperatingSessionWealthDashboardLifeTargetResponse": {
      "properties": {
        "contentListDetails": {
          "type": "array",
          "items": {
            "$ref": "#/definitions/ContentListDetails"
          }
        }
      }
    },
    "ContentListDetails": {
      "properties": {
        "targetId": {
          "description": "unique identifier of life target.",
          "type": "string",
          "example": 5768
        },
        "targetType": {
          "description": "Field indicates the Life target Type",
          "type": "string",
          "example": "MajorPurchase"
        },
        "targetName": {
          "description": "User Input display name of the life target.",
          "type": "string",
          "example": "Buy a new car"
        },
        "totalFundedAmount": {
          "description": "Total funded amount in Life target",
          "type": "number",
          "format": "double",
          "example": 25000
        },
        "expectedlFundedAmount": {
          "description": "the expected / recommended funded amount (used to indicate progress for targets that have a target date.",
          "type": "number",
          "format": "double",
          "example": 23500.5
        },
        "targetAmount": {
          "description": "target amount set by the customer",
          "type": "number",
          "format": "double",
          "example": 50000
        },
        "targetDate": {
          "description": "target date set by the customer.",
          "type": "string",
          "format": "date",
          "example": "2021-09-30T00:00:00"
        },
        "fundingStatus": {
          "description": "Funding status of the life target",
          "type": "string",
          "example": "ON TRACK"
        },
        "percentFunded": {
          "description": "Indicates the progress for targets that have no target dates",
          "type": "number",
          "format": "double",
          "example": 50
        },
        "imageUrl": {
          "description": "contains the URL for the Life Target Image",
          "type": "string",
          "example": "https://hostname/url/image.jpg"
        }
      }
    },
    "RetrieveCustomerWorkbenchOperatingSessionWealthDashboardNewsAndInsightsRequest": {
      "properties": {
        "userContext": {
          "description": "UserContext",
          "type": "string",
          "example": "MMF_Product_Dashboard_NoAccount,MMF_Product_Dashboard_NoAccount,Brokerage_Product_Dashboard_NoHoldings,Wealth_Product_Dashboard_NoHoldings etc"
        },
        "uniqueReferenceId": {
          "description": "UniqueIdentiﬁer",
          "type": "string",
          "example": "HKD"
        }
      }
    },
    "UpdateCustomerWorkbenchOperatingSessionWealthDashboardFavouriteStatusRequest": {
      "properties": {
        "contentId": {
          "example": 8832,
          "type": "string"
        },
        "favouriteFlag": {
          "example": true,
          "type": "boolean"
        }
      },
      "required": [
        "contentId",
        "favouriteFlag"
      ]
    },
    "UpdateCustomerWorkbenchOperatingSessionWealthDashboardActionChallengesRequest": {
      "properties": {
        "challengeId": {
          "description": "Unique identifier of the Challenge.",
          "type": "string",
          "example": "12345(Risk Assesment)"
        },
        "uniqueIdentifier": {
          "description": "Unique Identifier keyed in by administrator when creating the challenge.",
          "example": "SavingForYourChildsEducationAug2020",
          "type": "string"
        },
        "challengeCompletionStatusFlag": {
          "description": "Action challenge completion status.",
          "example": true,
          "type": "boolean"
        }
      },
      "required": [
        "challengeCompletionStatusFlag"
      ]
    },
    "RetrieveCustomerWorkbenchOperatingSessionWealthDashboardFinancialReadinessLevelResponse": {
      "properties": {
        "percentageCompleted": {
          "description": "This field refers to the percentage completed",
          "type": "number",
          "format": "double",
          "example": 25
        },
        "currentLevelName": {
          "description": "This is the current level name.",
          "type": "string",
          "example": "Bronze"
        },
        "nextLevelChallengesCount": {
          "description": "This is the number of challenges to the next level",
          "type": "integer",
          "format": "int32",
          "example": 4
        },
        "nextLevelName": {
          "description": "This is the next level name.",
          "type": "string",
          "example": "silver"
        },
        "nextChallengeId": {
          "description": "This is the unique identifier for the next challenge",
          "type": "string",
          "example": 12345
        },
        "nextChallengeUniqueReferenceId": {
          "description": "User deﬁned UniqueIdentiﬁer UID of the next challenge",
          "type": "string",
          "example": "Complete Your Risk Profile Challenge"
        },
        "nextChallengeName": {
          "description": "This is the name of the next challenge",
          "type": "string",
          "example": "complete your risk profile"
        },
        "numberOfLevels": {
          "description": "This is the number of levels.",
          "type": "integer",
          "format": "int32",
          "example": 5
        },
        "percentageOfLevels": {
          "description": "This is the percentage of levels.",
          "type": "string",
          "example": "0,25,50,75,100"
        }
      }
    },
    "RetrieveCustomerWorkbenchOperatingSessionWealthDashboardNewsAndInsightsResponse": {
      "properties": {
        "contentList": {
          "type": "array",
          "items": {
            "$ref": "#/definitions/ContentList"
          }
        }
      }
    },
    "ContentList": {
      "properties": {
        "sequenceNumber": {
          "type": "integer",
          "format": "int32",
          "example": "Numeric value to identify the record sequence returned by partner."
        },
        "customerAssociatedTags": {
          "type": "string",
          "example": null
        },
        "photoImageUrl": {
          "type": "string",
          "example": "https://host.domain.com/PersonalisedContent/PersistREsources/image.jpg"
        },
        "contentSource": {
          "type": "string",
          "description": "user input value in Admin Portal",
          "example": "Citi"
        },
        "contentTitle": {
          "type": "string",
          "example": "Money Market Fund Overview"
        },
        "typeOfContent": {
          "type": "string",
          "description": "Indicates the type of content returned by IC",
          "example": "Video"
        },
        "contentCategory": {
          "type": "string",
          "example": "Article"
        },
        "contentPublishedDate": {
          "type": "string",
          "format": "date",
          "example": 43939
        },
        "contentId": {
          "type": "string",
          "example": 8832
        },
        "favouriteFlag": {
          "type": "boolean",
          "example": true
        },
        "uniqueReferenceId": {
          "type": "string",
          "example": "ContentMMF001"
        }
      }
    },
    "ErrorResponse": {
      "properties": {
        "type": {
          "description": "Invalid - Request did not confirm to the specification and was unprocessed and rejected. Please fix the value and try again",
          "enum": [
            "error",
            "warn",
            "invalid",
            "fatal"
          ],
          "type": "string"
        },
        "code": {
          "description": "Error code which qualifies the error",
          "type": "string"
        },
        "details": {
          "description": "Human readable explanation specific to the occurrence of the problem",
          "type": "string"
        },
        "location": {
          "description": "The name of the field that resulted in the error",
          "type": "string"
        },
        "moreInfo": {
          "description": "URI to human readable documentation of the error",
          "type": "object"
        }
      },
      "required": [
        "type",
        "code"
      ]
    }
  }
}